--
-- PostgreSQL database dump
--

-- Dumped from database version 12.9 (Ubuntu 12.9-0ubuntu0.20.04.1)
-- Dumped by pg_dump version 12.9 (Ubuntu 12.9-0ubuntu0.20.04.1)

SET statement_timeout = 0;
SET lock_timeout = 0;
SET idle_in_transaction_session_timeout = 0;
SET client_encoding = 'UTF8';
SET standard_conforming_strings = on;
SELECT pg_catalog.set_config('search_path', '', false);
SET check_function_bodies = false;
SET xmloption = content;
SET client_min_messages = warning;
SET row_security = off;

DROP DATABASE universe;
--
-- Name: universe; Type: DATABASE; Schema: -; Owner: freecodecamp
--

CREATE DATABASE universe WITH TEMPLATE = template0 ENCODING = 'UTF8' LC_COLLATE = 'C.UTF-8' LC_CTYPE = 'C.UTF-8';


ALTER DATABASE universe OWNER TO freecodecamp;

\connect universe

SET statement_timeout = 0;
SET lock_timeout = 0;
SET idle_in_transaction_session_timeout = 0;
SET client_encoding = 'UTF8';
SET standard_conforming_strings = on;
SELECT pg_catalog.set_config('search_path', '', false);
SET check_function_bodies = false;
SET xmloption = content;
SET client_min_messages = warning;
SET row_security = off;

SET default_tablespace = '';

SET default_table_access_method = heap;

--
-- Name: black_hole; Type: TABLE; Schema: public; Owner: freecodecamp
--

CREATE TABLE public.black_hole (
    black_hole_id integer NOT NULL,
    name character varying(30) NOT NULL,
    distance_from_earth numeric(7,1),
    galaxy_id integer
);


ALTER TABLE public.black_hole OWNER TO freecodecamp;

--
-- Name: black_hole_black_hole_id_seq; Type: SEQUENCE; Schema: public; Owner: freecodecamp
--

CREATE SEQUENCE public.black_hole_black_hole_id_seq
    AS integer
    START WITH 1
    INCREMENT BY 1
    NO MINVALUE
    NO MAXVALUE
    CACHE 1;


ALTER TABLE public.black_hole_black_hole_id_seq OWNER TO freecodecamp;

--
-- Name: black_hole_black_hole_id_seq; Type: SEQUENCE OWNED BY; Schema: public; Owner: freecodecamp
--

ALTER SEQUENCE public.black_hole_black_hole_id_seq OWNED BY public.black_hole.black_hole_id;


--
-- Name: galaxy; Type: TABLE; Schema: public; Owner: freecodecamp
--

CREATE TABLE public.galaxy (
    galaxy_id integer NOT NULL,
    name character varying(30) NOT NULL,
    age_in_millions_of_years integer,
    description text,
    distance_from_earth numeric(7,1)
);


ALTER TABLE public.galaxy OWNER TO freecodecamp;

--
-- Name: galaxy_galaxy_id_seq; Type: SEQUENCE; Schema: public; Owner: freecodecamp
--

CREATE SEQUENCE public.galaxy_galaxy_id_seq
    AS integer
    START WITH 1
    INCREMENT BY 1
    NO MINVALUE
    NO MAXVALUE
    CACHE 1;


ALTER TABLE public.galaxy_galaxy_id_seq OWNER TO freecodecamp;

--
-- Name: galaxy_galaxy_id_seq; Type: SEQUENCE OWNED BY; Schema: public; Owner: freecodecamp
--

ALTER SEQUENCE public.galaxy_galaxy_id_seq OWNED BY public.galaxy.galaxy_id;


--
-- Name: moon; Type: TABLE; Schema: public; Owner: freecodecamp
--

CREATE TABLE public.moon (
    moon_id integer NOT NULL,
    name character varying(30) NOT NULL,
    description text,
    distance_from_earth numeric(7,1),
    planet_id integer
);


ALTER TABLE public.moon OWNER TO freecodecamp;

--
-- Name: moon_moon_id_seq; Type: SEQUENCE; Schema: public; Owner: freecodecamp
--

CREATE SEQUENCE public.moon_moon_id_seq
    AS integer
    START WITH 1
    INCREMENT BY 1
    NO MINVALUE
    NO MAXVALUE
    CACHE 1;


ALTER TABLE public.moon_moon_id_seq OWNER TO freecodecamp;

--
-- Name: moon_moon_id_seq; Type: SEQUENCE OWNED BY; Schema: public; Owner: freecodecamp
--

ALTER SEQUENCE public.moon_moon_id_seq OWNED BY public.moon.moon_id;


--
-- Name: planet; Type: TABLE; Schema: public; Owner: freecodecamp
--

CREATE TABLE public.planet (
    planet_id integer NOT NULL,
    name character varying(30) NOT NULL,
    has_life boolean,
    distance_from_earth numeric(7,1),
    age_in_millions_of_years integer,
    star_id integer
);


ALTER TABLE public.planet OWNER TO freecodecamp;

--
-- Name: planet_planet_id_seq; Type: SEQUENCE; Schema: public; Owner: freecodecamp
--

CREATE SEQUENCE public.planet_planet_id_seq
    AS integer
    START WITH 1
    INCREMENT BY 1
    NO MINVALUE
    NO MAXVALUE
    CACHE 1;


ALTER TABLE public.planet_planet_id_seq OWNER TO freecodecamp;

--
-- Name: planet_planet_id_seq; Type: SEQUENCE OWNED BY; Schema: public; Owner: freecodecamp
--

ALTER SEQUENCE public.planet_planet_id_seq OWNED BY public.planet.planet_id;


--
-- Name: star; Type: TABLE; Schema: public; Owner: freecodecamp
--

CREATE TABLE public.star (
    star_id integer NOT NULL,
    name character varying(30) NOT NULL,
    is_spherical boolean,
    description text,
    galaxy_id integer
);


ALTER TABLE public.star OWNER TO freecodecamp;

--
-- Name: star_star_id_seq; Type: SEQUENCE; Schema: public; Owner: freecodecamp
--

CREATE SEQUENCE public.star_star_id_seq
    AS integer
    START WITH 1
    INCREMENT BY 1
    NO MINVALUE
    NO MAXVALUE
    CACHE 1;


ALTER TABLE public.star_star_id_seq OWNER TO freecodecamp;

--
-- Name: star_star_id_seq; Type: SEQUENCE OWNED BY; Schema: public; Owner: freecodecamp
--

ALTER SEQUENCE public.star_star_id_seq OWNED BY public.star.star_id;


--
-- Name: black_hole black_hole_id; Type: DEFAULT; Schema: public; Owner: freecodecamp
--

ALTER TABLE ONLY public.black_hole ALTER COLUMN black_hole_id SET DEFAULT nextval('public.black_hole_black_hole_id_seq'::regclass);


--
-- Name: galaxy galaxy_id; Type: DEFAULT; Schema: public; Owner: freecodecamp
--

ALTER TABLE ONLY public.galaxy ALTER COLUMN galaxy_id SET DEFAULT nextval('public.galaxy_galaxy_id_seq'::regclass);


--
-- Name: moon moon_id; Type: DEFAULT; Schema: public; Owner: freecodecamp
--

ALTER TABLE ONLY public.moon ALTER COLUMN moon_id SET DEFAULT nextval('public.moon_moon_id_seq'::regclass);


--
-- Name: planet planet_id; Type: DEFAULT; Schema: public; Owner: freecodecamp
--

ALTER TABLE ONLY public.planet ALTER COLUMN planet_id SET DEFAULT nextval('public.planet_planet_id_seq'::regclass);


--
-- Name: star star_id; Type: DEFAULT; Schema: public; Owner: freecodecamp
--

ALTER TABLE ONLY public.star ALTER COLUMN star_id SET DEFAULT nextval('public.star_star_id_seq'::regclass);


--
-- Data for Name: black_hole; Type: TABLE DATA; Schema: public; Owner: freecodecamp
--

INSERT INTO public.black_hole VALUES (1, 'Doom', NULL, 1);
INSERT INTO public.black_hole VALUES (2, 'Apocalypse', NULL, 2);
INSERT INTO public.black_hole VALUES (3, 'Chaos', NULL, 3);
INSERT INTO public.black_hole VALUES (4, 'Silencer', NULL, 4);


--
-- Data for Name: galaxy; Type: TABLE DATA; Schema: public; Owner: freecodecamp
--

INSERT INTO public.galaxy VALUES (1, 'Andromeda', NULL, NULL, NULL);
INSERT INTO public.galaxy VALUES (2, 'Milky Way', NULL, NULL, NULL);
INSERT INTO public.galaxy VALUES (3, 'Butterfly', NULL, NULL, NULL);
INSERT INTO public.galaxy VALUES (4, 'Eye of Sauron', NULL, NULL, NULL);
INSERT INTO public.galaxy VALUES (5, 'Medusa', NULL, NULL, NULL);
INSERT INTO public.galaxy VALUES (6, 'Sombrero', NULL, NULL, NULL);


--
-- Data for Name: moon; Type: TABLE DATA; Schema: public; Owner: freecodecamp
--

INSERT INTO public.moon VALUES (1, 'Moon', NULL, NULL, 1);
INSERT INTO public.moon VALUES (2, 'Luna', NULL, NULL, 4);
INSERT INTO public.moon VALUES (3, 'Glacial', NULL, NULL, 2);
INSERT INTO public.moon VALUES (4, 'Cold', NULL, NULL, 2);
INSERT INTO public.moon VALUES (5, 'Goose', NULL, NULL, 5);
INSERT INTO public.moon VALUES (6, 'Artic', NULL, NULL, 3);
INSERT INTO public.moon VALUES (7, 'Frog', NULL, NULL, 11);
INSERT INTO public.moon VALUES (8, 'Egg', NULL, NULL, 10);
INSERT INTO public.moon VALUES (9, 'Bear', NULL, NULL, 8);
INSERT INTO public.moon VALUES (10, 'Snow Crust', NULL, NULL, 7);
INSERT INTO public.moon VALUES (11, 'Spirit', NULL, NULL, 6);
INSERT INTO public.moon VALUES (12, 'Breaking Ice', NULL, NULL, 6);
INSERT INTO public.moon VALUES (13, 'Sugar Maker', NULL, NULL, 9);
INSERT INTO public.moon VALUES (14, 'Wind Strong', NULL, NULL, 7);
INSERT INTO public.moon VALUES (15, 'Hay', NULL, NULL, 10);
INSERT INTO public.moon VALUES (16, 'Corn', NULL, NULL, 10);
INSERT INTO public.moon VALUES (17, 'Mating', NULL, NULL, 12);
INSERT INTO public.moon VALUES (18, 'Thunder', NULL, NULL, 4);
INSERT INTO public.moon VALUES (19, 'Freezing', NULL, NULL, 9);
INSERT INTO public.moon VALUES (20, 'Long Night', NULL, NULL, 12);


--
-- Data for Name: planet; Type: TABLE DATA; Schema: public; Owner: freecodecamp
--

INSERT INTO public.planet VALUES (1, 'Terra', NULL, NULL, NULL, 1);
INSERT INTO public.planet VALUES (2, 'Astrid', NULL, NULL, NULL, 1);
INSERT INTO public.planet VALUES (3, 'Calcus', NULL, NULL, NULL, 2);
INSERT INTO public.planet VALUES (4, 'Zorn', NULL, NULL, NULL, 5);
INSERT INTO public.planet VALUES (5, 'Marte', NULL, NULL, NULL, 3);
INSERT INTO public.planet VALUES (6, 'Vurgol', NULL, NULL, NULL, 4);
INSERT INTO public.planet VALUES (7, 'Firris', NULL, NULL, NULL, 2);
INSERT INTO public.planet VALUES (8, 'Hoth', NULL, NULL, NULL, 6);
INSERT INTO public.planet VALUES (9, 'Tatooine', NULL, NULL, NULL, 6);
INSERT INTO public.planet VALUES (10, 'Crait', NULL, NULL, NULL, 6);
INSERT INTO public.planet VALUES (11, 'Naboo', NULL, NULL, NULL, 6);
INSERT INTO public.planet VALUES (12, 'Star', NULL, NULL, NULL, 6);


--
-- Data for Name: star; Type: TABLE DATA; Schema: public; Owner: freecodecamp
--

INSERT INTO public.star VALUES (1, 'Alula', NULL, NULL, 6);
INSERT INTO public.star VALUES (2, 'Astra', NULL, NULL, 4);
INSERT INTO public.star VALUES (3, 'Cielo', NULL, NULL, 3);
INSERT INTO public.star VALUES (4, 'Hercules', NULL, NULL, 5);
INSERT INTO public.star VALUES (5, 'Polaris', NULL, NULL, 1);
INSERT INTO public.star VALUES (6, 'Sirius', NULL, NULL, 2);


--
-- Name: black_hole_black_hole_id_seq; Type: SEQUENCE SET; Schema: public; Owner: freecodecamp
--

SELECT pg_catalog.setval('public.black_hole_black_hole_id_seq', 4, true);


--
-- Name: galaxy_galaxy_id_seq; Type: SEQUENCE SET; Schema: public; Owner: freecodecamp
--

SELECT pg_catalog.setval('public.galaxy_galaxy_id_seq', 6, true);


--
-- Name: moon_moon_id_seq; Type: SEQUENCE SET; Schema: public; Owner: freecodecamp
--

SELECT pg_catalog.setval('public.moon_moon_id_seq', 20, true);


--
-- Name: planet_planet_id_seq; Type: SEQUENCE SET; Schema: public; Owner: freecodecamp
--

SELECT pg_catalog.setval('public.planet_planet_id_seq', 12, true);


--
-- Name: star_star_id_seq; Type: SEQUENCE SET; Schema: public; Owner: freecodecamp
--

SELECT pg_catalog.setval('public.star_star_id_seq', 6, true);


--
-- Name: black_hole black_hole_name_key; Type: CONSTRAINT; Schema: public; Owner: freecodecamp
--

ALTER TABLE ONLY public.black_hole
    ADD CONSTRAINT black_hole_name_key UNIQUE (name);


--
-- Name: black_hole black_hole_pkey; Type: CONSTRAINT; Schema: public; Owner: freecodecamp
--

ALTER TABLE ONLY public.black_hole
    ADD CONSTRAINT black_hole_pkey PRIMARY KEY (black_hole_id);


--
-- Name: galaxy galaxy_name_key; Type: CONSTRAINT; Schema: public; Owner: freecodecamp
--

ALTER TABLE ONLY public.galaxy
    ADD CONSTRAINT galaxy_name_key UNIQUE (name);


--
-- Name: galaxy galaxy_pkey; Type: CONSTRAINT; Schema: public; Owner: freecodecamp
--

ALTER TABLE ONLY public.galaxy
    ADD CONSTRAINT galaxy_pkey PRIMARY KEY (galaxy_id);


--
-- Name: moon moon_name_key; Type: CONSTRAINT; Schema: public; Owner: freecodecamp
--

ALTER TABLE ONLY public.moon
    ADD CONSTRAINT moon_name_key UNIQUE (name);


--
-- Name: moon moon_pkey; Type: CONSTRAINT; Schema: public; Owner: freecodecamp
--

ALTER TABLE ONLY public.moon
    ADD CONSTRAINT moon_pkey PRIMARY KEY (moon_id);


--
-- Name: planet planet_name_key; Type: CONSTRAINT; Schema: public; Owner: freecodecamp
--

ALTER TABLE ONLY public.planet
    ADD CONSTRAINT planet_name_key UNIQUE (name);


--
-- Name: planet planet_pkey; Type: CONSTRAINT; Schema: public; Owner: freecodecamp
--

ALTER TABLE ONLY public.planet
    ADD CONSTRAINT planet_pkey PRIMARY KEY (planet_id);


--
-- Name: star star_name_key; Type: CONSTRAINT; Schema: public; Owner: freecodecamp
--

ALTER TABLE ONLY public.star
    ADD CONSTRAINT star_name_key UNIQUE (name);


--
-- Name: star star_pkey; Type: CONSTRAINT; Schema: public; Owner: freecodecamp
--

ALTER TABLE ONLY public.star
    ADD CONSTRAINT star_pkey PRIMARY KEY (star_id);


--
-- Name: black_hole black_hole_galaxy_id_fkey; Type: FK CONSTRAINT; Schema: public; Owner: freecodecamp
--

ALTER TABLE ONLY public.black_hole
    ADD CONSTRAINT black_hole_galaxy_id_fkey FOREIGN KEY (galaxy_id) REFERENCES public.galaxy(galaxy_id);


--
-- Name: moon moon_planet_id_fkey; Type: FK CONSTRAINT; Schema: public; Owner: freecodecamp
--

ALTER TABLE ONLY public.moon
    ADD CONSTRAINT moon_planet_id_fkey FOREIGN KEY (planet_id) REFERENCES public.planet(planet_id);


--
-- Name: planet planets_star_id_fkey; Type: FK CONSTRAINT; Schema: public; Owner: freecodecamp
--

ALTER TABLE ONLY public.planet
    ADD CONSTRAINT planets_star_id_fkey FOREIGN KEY (star_id) REFERENCES public.star(star_id);


--
-- Name: star star_galaxy_id_fkey; Type: FK CONSTRAINT; Schema: public; Owner: freecodecamp
--

ALTER TABLE ONLY public.star
    ADD CONSTRAINT star_galaxy_id_fkey FOREIGN KEY (galaxy_id) REFERENCES public.galaxy(galaxy_id);


--
-- PostgreSQL database dump complete
--

